{
  "experiment": "variable_binding",
  "total_samples": 3400,
  "overall_accuracy": 0.7685294117647059,
  "by_model": {
    "Qwen/Qwen3-14B": 0.8335294117647059,
    "Qwen/Qwen3-8B": 0.7035294117647058
  },
  "by_seq_len": {
    "1": 0.955,
    "2": 0.985,
    "3": 0.995,
    "4": 0.985,
    "5": 0.925,
    "6": 0.885,
    "7": 0.82,
    "8": 0.755,
    "9": 0.745,
    "10": 0.7,
    "11": 0.64,
    "12": 0.65,
    "13": 0.63,
    "14": 0.66,
    "15": 0.585,
    "16": 0.6,
    "17": 0.55
  }
}