{
  "experiment": "range_tracking_lines",
  "total_samples": 1500,
  "overall_accuracy": 0.21933333333333332,
  "by_model": {
    "Qwen/Qwen3-1.7B": 0.21933333333333332
  },
  "by_seq_len": {
    "2": 1.0,
    "3": 1.0,
    "4": 0.68,
    "5": 0.0,
    "6": 0.0,
    "7": 0.0,
    "8": 0.17,
    "9": 0.0,
    "10": 0.21,
    "11": 0.0,
    "12": 0.0,
    "13": 0.08,
    "14": 0.06,
    "15": 0.0,
    "16": 0.09
  }
}