{
  "experiment": "variable_binding_hops",
  "total_samples": 3500,
  "overall_accuracy": 0.6828571428571428,
  "by_model": {
    "Qwen/Qwen3-0.6B": 0.1657142857142857,
    "Qwen/Qwen3-1.7B": 0.6857142857142857,
    "Qwen/Qwen3-14B": 0.9571428571428572,
    "Qwen/Qwen3-4B": 0.7228571428571429,
    "Qwen/Qwen3-8B": 0.8828571428571429
  },
  "by_seq_len": {
    "5": 0.796,
    "7": 0.756,
    "9": 0.718,
    "11": 0.662,
    "13": 0.664,
    "15": 0.6,
    "17": 0.584
  }
}