{
  "experiment": "variable_binding",
  "total_samples": 6800,
  "overall_accuracy": 0.6625,
  "by_model": {
    "Qwen/Qwen3-0.6B": 0.27941176470588236,
    "Qwen/Qwen3-1.7B": 0.6929411764705883,
    "Qwen/Qwen3-4B": 0.768235294117647,
    "Qwen/Qwen3-8B": 0.9094117647058824
  },
  "by_seq_len": {
    "1": 0.815,
    "2": 0.8875,
    "3": 0.8275,
    "4": 0.8125,
    "5": 0.75,
    "6": 0.7075,
    "7": 0.7,
    "8": 0.6425,
    "9": 0.65,
    "10": 0.6175,
    "11": 0.5925,
    "12": 0.5875,
    "13": 0.5925,
    "14": 0.5725,
    "15": 0.5175,
    "16": 0.4925,
    "17": 0.4975
  }
}