{
  "experiment": "variable_binding",
  "total_samples": 8000,
  "overall_accuracy": 0.759375,
  "by_model": {
    "Qwen/Qwen3-0.6B": 0.3975,
    "Qwen/Qwen3-1.7B": 0.804375,
    "Qwen/Qwen3-14B": 0.98,
    "Qwen/Qwen3-4B": 0.7375,
    "Qwen/Qwen3-8B": 0.8775
  },
  "by_seq_len": {
    "1": 0.952,
    "2": 0.936,
    "3": 0.916,
    "4": 0.9,
    "5": 0.848,
    "6": 0.806,
    "7": 0.776,
    "8": 0.724,
    "9": 0.7,
    "10": 0.686,
    "11": 0.664,
    "12": 0.682,
    "13": 0.666,
    "14": 0.622,
    "15": 0.654,
    "16": 0.618
  }
}