{
  "experiment": "basic_range",
  "total_samples": 15,
  "overall_accuracy": 0.8666666666666667,
  "by_model": {
    "Qwen/Qwen3-0.6B": 0.8666666666666667
  },
  "by_seq_len": {
    "2": 0.8,
    "3": 1.0,
    "4": 0.8
  }
}