{
  "experiment": "variable_binding",
  "total_samples": 6400,
  "overall_accuracy": 0.70296875,
  "by_model": {
    "Qwen/Qwen3-0.6B": 0.29875,
    "Qwen/Qwen3-1.7B": 0.756875,
    "Qwen/Qwen3-4B": 0.81625,
    "Qwen/Qwen3-8B": 0.94
  },
  "by_seq_len": {
    "1": 0.825,
    "2": 0.8825,
    "3": 0.85,
    "4": 0.835,
    "5": 0.7625,
    "6": 0.7525,
    "7": 0.7175,
    "8": 0.67,
    "9": 0.6525,
    "10": 0.66,
    "11": 0.6575,
    "12": 0.65,
    "13": 0.65,
    "14": 0.5775,
    "15": 0.5775,
    "16": 0.5275
  }
}