{
  "experiment": "variable_binding",
  "total_samples": 49500,
  "overall_accuracy": 0.4055151515151515,
  "by_model": {
    "Qwen/Qwen3-0.6B": 0.14777777777777779,
    "Qwen/Qwen3-1.7B": 0.30636363636363634,
    "Qwen/Qwen3-14B": 0.658989898989899,
    "Qwen/Qwen3-4B": 0.4588888888888889,
    "Qwen/Qwen3-8B": 0.45555555555555555
  },
  "by_seq_len": {
    "1": 0.84,
    "2": 0.914,
    "3": 0.874,
    "4": 0.848,
    "5": 0.812,
    "6": 0.788,
    "7": 0.752,
    "8": 0.76,
    "9": 0.71,
    "10": 0.718,
    "11": 0.716,
    "12": 0.706,
    "13": 0.666,
    "14": 0.666,
    "15": 0.652,
    "16": 0.614,
    "17": 0.626,
    "18": 0.598,
    "19": 0.634,
    "20": 0.586,
    "21": 0.538,
    "22": 0.562,
    "23": 0.506,
    "24": 0.524,
    "25": 0.558,
    "26": 0.52,
    "27": 0.436,
    "28": 0.442,
    "29": 0.406,
    "30": 0.374,
    "31": 0.358,
    "32": 0.352,
    "33": 0.306,
    "34": 0.282,
    "35": 0.314,
    "36": 0.244,
    "37": 0.264,
    "38": 0.256,
    "39": 0.248,
    "40": 0.262,
    "41": 0.258,
    "42": 0.256,
    "43": 0.252,
    "44": 0.218,
    "45": 0.262,
    "46": 0.278,
    "47": 0.252,
    "48": 0.21,
    "49": 0.266,
    "50": 0.252,
    "51": 0.254,
    "52": 0.246,
    "53": 0.274,
    "54": 0.224,
    "55": 0.272,
    "56": 0.226,
    "57": 0.292,
    "58": 0.264,
    "59": 0.268,
    "60": 0.302,
    "61": 0.248,
    "62": 0.306,
    "63": 0.25,
    "64": 0.266,
    "65": 0.27,
    "66": 0.306,
    "67": 0.298,
    "68": 0.292,
    "69": 0.298,
    "70": 0.32,
    "71": 0.322,
    "72": 0.304,
    "73": 0.302,
    "74": 0.314,
    "75": 0.3,
    "76": 0.326,
    "77": 0.348,
    "78": 0.362,
    "79": 0.346,
    "80": 0.308,
    "81": 0.282,
    "82": 0.304,
    "83": 0.324,
    "84": 0.308,
    "85": 0.35,
    "86": 0.334,
    "87": 0.316,
    "88": 0.388,
    "89": 0.372,
    "90": 0.318,
    "91": 0.372,
    "92": 0.372,
    "93": 0.366,
    "94": 0.398,
    "95": 0.358,
    "96": 0.364,
    "97": 0.408,
    "98": 0.386,
    "99": 0.382
  }
}