{
  "experiment": "variable_binding",
  "total_samples": 8000,
  "overall_accuracy": 0.756125,
  "by_model": {
    "Qwen/Qwen3-0.6B": 0.29875,
    "Qwen/Qwen3-1.7B": 0.756875,
    "Qwen/Qwen3-14B": 0.96875,
    "Qwen/Qwen3-4B": 0.81625,
    "Qwen/Qwen3-8B": 0.94
  },
  "by_seq_len": {
    "1": 0.86,
    "2": 0.906,
    "3": 0.88,
    "4": 0.866,
    "5": 0.808,
    "6": 0.8,
    "7": 0.766,
    "8": 0.734,
    "9": 0.716,
    "10": 0.724,
    "11": 0.712,
    "12": 0.708,
    "13": 0.714,
    "14": 0.65,
    "15": 0.656,
    "16": 0.598
  }
}