{
  "experiment": "variable_binding",
  "total_samples": 1600,
  "overall_accuracy": 0.80625,
  "by_model": {
    "Qwen/Qwen3-1.7B": 0.80625
  },
  "by_seq_len": {
    "1": 0.85,
    "2": 0.81,
    "3": 0.76,
    "4": 0.76,
    "5": 0.81,
    "6": 0.81,
    "7": 0.86,
    "8": 0.84,
    "9": 0.77,
    "10": 0.8,
    "11": 0.77,
    "12": 0.82,
    "13": 0.78,
    "14": 0.83,
    "15": 0.78,
    "16": 0.85
  }
}